{"cameraMode":{"drawMode":0,"name":"Shaded","section":"Shading Mode"},"sceneLighting":false,"audioPlay":false,"sceneViewState":{"showFog":false,"showMaterialUpdate":true,"showSkybox":true,"showFlares":true,"showImageEffects":true,"showParticleSystems":true},"in2DMode":false,"pivot":{"x":52.226139068603519,"y":40.43396759033203,"z":46.90460205078125},"rotation":{"x":-0.06320300698280335,"y":-0.8653032183647156,"z":0.4843565821647644,"w":-0.11275601387023926},"size":35.5628776550293,"orthographic":false}