{"cameraMode":{"drawMode":0,"name":"Shaded","section":"Shading Mode"},"sceneLighting":true,"audioPlay":false,"sceneViewState":{"showFog":true,"showMaterialUpdate":false,"showSkybox":true,"showFlares":true,"showImageEffects":true,"showParticleSystems":true},"in2DMode":false,"pivot":{"x":13.934948921203614,"y":-6.079401016235352,"z":5.466619968414307},"rotation":{"x":0.4326344132423401,"y":-0.12510092556476594,"z":0.060761820524930957,"w":0.8907778859138489},"size":32.694095611572269,"orthographic":false}