{"cameraMode":{"drawMode":0,"name":"Shaded","section":"Shading Mode"},"sceneLighting":false,"audioPlay":false,"sceneViewState":{"showFog":true,"showMaterialUpdate":false,"showSkybox":true,"showFlares":true,"showImageEffects":true,"showParticleSystems":true},"in2DMode":false,"pivot":{"x":2.670825481414795,"y":0.3564539849758148,"z":4.705806732177734},"rotation":{"x":-0.16842129826545716,"y":-0.7788763642311096,"z":0.23584416508674622,"w":-0.5562044978141785},"size":3.8684518337249758,"orthographic":false}