{"cameraMode":{"drawMode":0,"name":"Shaded","section":"Shading Mode"},"sceneLighting":false,"audioPlay":false,"sceneViewState":{"showFog":true,"showMaterialUpdate":false,"showSkybox":true,"showFlares":true,"showImageEffects":true,"showParticleSystems":true},"in2DMode":false,"pivot":{"x":5.364578723907471,"y":0.2805769443511963,"z":-1.8955941200256348},"rotation":{"x":0.08219259977340698,"y":-0.8014160990715027,"z":0.11327777057886124,"w":0.5815022587776184},"size":3.7541422843933107,"orthographic":false}