{"cameraMode":{"drawMode":0,"name":"Shaded","section":"Shading Mode"},"sceneLighting":false,"audioPlay":false,"sceneViewState":{"showFog":true,"showMaterialUpdate":false,"showSkybox":true,"showFlares":true,"showImageEffects":true,"showParticleSystems":true},"in2DMode":false,"pivot":{"x":2.1847453117370607,"y":0.9990938305854797,"z":19.004308700561525},"rotation":{"x":-0.01559032965451479,"y":-0.5635775923728943,"z":-0.010636839084327221,"w":0.8258475065231323},"size":1.8838510513305665,"orthographic":false}